feature,importance
police_station,13.206927789365212
hour,10.435285152429508
corridor,10.360993190156268
zone,10.04977701711244
veh_type,10.018557573514373
longitude,9.494360437345287
latitude,9.003818129444285
event_cause,7.847478705664087
month,7.793484856993176
dayofweek,7.478974379961776
is_peak_hour,1.2857019631272784
is_weekend,0.9718167016174035
priority,0.9449601604684884
authenticated,0.7517723777435247
event_type,0.3560915650569137
